[
	{
		"title" : "뽀통령과 함께 즐기는 놀이공간",
		"detail" : "자연적으로, 스스로 배우는 교육을 경험하다!\n놀이를 통한 몰입감으로 교육의 효과를\n극대화하며, 지속적인 교육 프로그램의\n업그레이드로 단순한 놀이 시설을 뛰어넘은\n뽀로로파크입니다.",
		"image" : "image/concept01.jpg"
	},
	{
		"title" : "놀다보면 배우는 유쾌한 교육",
		"detail" : "즐거운 축제공간, 즐거운 놀이공간!\n다양한 어트렉션 요소 뿐 아니라, 엄마와\n아이가 모두 만족할 수 있는 한층\n업그레이드된 놀이 프로그램을 갖춘\n뽀로로파크입니다.",
		"image" : "image/concept02.jpg"
	},
	{
		"title" : "뽀로로타운에서 감성을 키우다",
		"detail" : "TV에서만 보던 ‘뽀로로의 마을’에서\n감성을 키운다! 캐릭터 별 특색에 따른\n감성을 자극하는 프로그램 진행,\n놀이를 통한 자연스러운 오감체험, 퀄리티\n높은 테마파크 공간의 매력을 모두 갖춘\n뽀로로파크입니다.",
		"image" : "image/concept03.jpg"
	}
]